"videoId","categoryId","category","duration","viewCount","commentCount","channelId"
"h7wBzQKrufQ","10","Music","PT3M40S","123232","28","UCSY6I68IOgUToRhdgmYNNCA"
"sp7PS_UN8Lo","10","Music","PT4M26S","14702920","12031","UCSY6I68IOgUToRhdgmYNNCA"
"3MteSlpxCpo","10","Music","PT4M56S","212518571","153715","UCSY6I68IOgUToRhdgmYNNCA"
"3dXKxmLUl54","10","Music","PT4M56S","1793845","3100","UCSY6I68IOgUToRhdgmYNNCA"
"F80FsZDTgn0","10","Music","PT3M20S","48487243","38146","UCSY6I68IOgUToRhdgmYNNCA"
"eMrh3wYb1mM","10","Music","PT3M27S","18069184","16514","UCSY6I68IOgUToRhdgmYNNCA"
"FMlcn-_jpWY","10","Music","PT3M48S","175283308","116421","UCSY6I68IOgUToRhdgmYNNCA"
"gYPqJ7wqjTM","10","Music","PT3M44S","5711123","5418","UCSY6I68IOgUToRhdgmYNNCA"
"LdLvp630plc","10","Music","PT1M59S","890957","1090","UCSY6I68IOgUToRhdgmYNNCA"
"Px2mE7yOTew","10","Music","PT3M12S","1130284","2870","UCSY6I68IOgUToRhdgmYNNCA"
"d_RMDK6blik","10","Music","PT3M31S","5402388","3771","UCSY6I68IOgUToRhdgmYNNCA"
"IAH73_uxulI","10","Music","PT5M45S","149851","51","UCSY6I68IOgUToRhdgmYNNCA"
"C_3d6GntKbk","10","Music","PT3M27S","631648524","354829","UCSY6I68IOgUToRhdgmYNNCA"
"XYtFp7gNCVA","10","Music","PT2M35S","94085","93","UCSY6I68IOgUToRhdgmYNNCA"
"WbV8htgtbfs","10","Music","PT3M53S","9563788","14664","UCSY6I68IOgUToRhdgmYNNCA"
"W9LJDwZOprY","10","Music","PT3M39S","21991554","34721","UCSY6I68IOgUToRhdgmYNNCA"
"R03cqGg40GU","10","Music","PT3M33S","35635767","46603","UCSY6I68IOgUToRhdgmYNNCA"
"3hCPhx4nDpA","10","Music","PT2M49S","23336","67","UCSY6I68IOgUToRhdgmYNNCA"
"TFrMDGfW_Sg","10","Music","PT3M56S","79738449","70913","UCSY6I68IOgUToRhdgmYNNCA"
"DXKHCgNFk1I","10","Music","PT3M46S","28039483","10459","UCSY6I68IOgUToRhdgmYNNCA"
"yzTuBuRdAyA","10","Music","PT3M55S","927966674","181162","UCSY6I68IOgUToRhdgmYNNCA"
"mhE2LZIgFqA","10","Music","PT5M26S","359053","184","UCSY6I68IOgUToRhdgmYNNCA"
"1ekZEVeXwek","10","Music","PT4M15S","270128998","116181","UCSY6I68IOgUToRhdgmYNNCA"
"J3_DL0q9oq4","10","Music","PT2M2S","3724732","3430","UCSY6I68IOgUToRhdgmYNNCA"
"kOkQ4T5WO9E","10","Music","PT4M","832910875","177695","UCSY6I68IOgUToRhdgmYNNCA"
"f-JJMTdQC4Q","10","Music","PT4M46S","566172","728","UCSY6I68IOgUToRhdgmYNNCA"
"UCZzepkKjD0","10","Music","PT4M9S","17545079","11590","UCSY6I68IOgUToRhdgmYNNCA"
"DVnz9iyolLA","10","Music","PT3M57S","12133055","9084","UCSY6I68IOgUToRhdgmYNNCA"
"VVYTzauIb_4","10","Music","PT3M58S","50968837","80774","UCSY6I68IOgUToRhdgmYNNCA"
"B9kDbQH4Y_k","10","Music","PT3M18S","3201045","3289","UCSY6I68IOgUToRhdgmYNNCA"
"lFIIMEe2Ht0","10","Music","PT3M21S","30530762","43510","UCSY6I68IOgUToRhdgmYNNCA"
"4NhKWZpkw1Q","10","Music","PT3M37S","167177812","71986","UCSY6I68IOgUToRhdgmYNNCA"
"LbwjQSBH0sE","10","Music","PT2M51S","434458","140","UCSY6I68IOgUToRhdgmYNNCA"
"Q4KZaI_jtKs","10","Music","PT4M3S","10886608","24922","UCSY6I68IOgUToRhdgmYNNCA"
"FioILtcBcLE","10","Music","PT2M54S","44398569","20900","UCSY6I68IOgUToRhdgmYNNCA"
"G5LLCWJgQtM","10","Music","PT6M55S","621526","245","UCSY6I68IOgUToRhdgmYNNCA"
"yvEbGwKZQlY","10","Music","PT3M4S","27841","66","UCSY6I68IOgUToRhdgmYNNCA"
"IoYY8Yuc334","10","Music","PT3M43S","101743","41","UCSY6I68IOgUToRhdgmYNNCA"
"u5dbqLSqSjQ","10","Music","PT2M28S","731145","1175","UCSY6I68IOgUToRhdgmYNNCA"
"CDt6LThUjeE","10","Music","PT51S","222322","214","UCSY6I68IOgUToRhdgmYNNCA"
"5KR7uZxFSMY","22","People & Blogs","PT4M4S","6036","1","UCSY6I68IOgUToRhdgmYNNCA"
"XzCUGUJkKbE","22","People & Blogs","PT3M24S","892096","885","UCSY6I68IOgUToRhdgmYNNCA"
"aCx-M4xWJtc","22","People & Blogs","PT2M53S","86046","508","UCSY6I68IOgUToRhdgmYNNCA"
"2OtT7WDmviU","22","People & Blogs","PT3M31S","3121","3","UCSY6I68IOgUToRhdgmYNNCA"
"KEPoRN7T_vg","22","People & Blogs","PT3M1S","3268","1","UCSY6I68IOgUToRhdgmYNNCA"
"4FD-29WhMgs","23","Comedy","PT5M5S","2701088","4335","UCSY6I68IOgUToRhdgmYNNCA"
"yQfpo_Ggxtw","23","Comedy","PT7S","9755","1","UCSY6I68IOgUToRhdgmYNNCA"
"6eBpj5b0QeA","24","Entertainment","PT3M18S","333259","281","UCSY6I68IOgUToRhdgmYNNCA"
"DArBEV0emUM","24","Entertainment","PT2M51S","1728400","956","UCSY6I68IOgUToRhdgmYNNCA"
"Qhtrl_EXeyM","24","Entertainment","PT3M29S","44794","42","UCSY6I68IOgUToRhdgmYNNCA"
"Yj4nsZ3o1ag","10","Music","PT4M4S","7090097","4219","UCSY6I68IOgUToRhdgmYNNCA"
"mW0T0F7VquA","10","Music","PT3M12S","2270632","6751","UCSY6I68IOgUToRhdgmYNNCA"
"Y95B-dZ32uQ","10","Music","PT2M45S","9036206","25284","UCSY6I68IOgUToRhdgmYNNCA"
"SL5TDxlB6tE","10","Music","PT2M17S","202582","265","UCSY6I68IOgUToRhdgmYNNCA"
"SKnMRER1wbs","10","Music","PT2M41S","15115","86","UCSY6I68IOgUToRhdgmYNNCA"
"LRP8d7hhpoQ","10","Music","PT5M6S","1877242","14857","UCSY6I68IOgUToRhdgmYNNCA"
"bbUlE0NrDZ4","24","Entertainment","PT4M18S","482122","4554","UCSY6I68IOgUToRhdgmYNNCA"
"6F7quI-MbzY","24","Entertainment","PT8M39S","3748313","21317","UC6nSFpj9HTCZ5t-N3Rm3-HA"
"GUCcObwIsOs","26","Howto & Style","PT9M53S","4419857","24911","UC6nSFpj9HTCZ5t-N3Rm3-HA"
"VztSdwYPFCE","27","Education","PT7M40S","4081246","11826","UC6nSFpj9HTCZ5t-N3Rm3-HA"
"DAcjV60RnRw","28","Science & Technology","PT11M48S","11423892","26067","UC6nSFpj9HTCZ5t-N3Rm3-HA"
"4e_kz79tjb8","28","Science & Technology","PT6M27S","3847016","7847","UC6nSFpj9HTCZ5t-N3Rm3-HA"
"Y2gTSjoEExc","28","Science & Technology","PT11M45S","3395899","5836","UC6nSFpj9HTCZ5t-N3Rm3-HA"
"LW1rzS_hmns","10","Music","PT6M1S","320996","249","UCYU-Sl3T18bfITPTssZra9g"
"IidhUqrVm20","10","Music","PT4M2S","133932","46","UCYU-Sl3T18bfITPTssZra9g"
"Yf66tJUQgsc","10","Music","PT5M10S","79207","28","UCYU-Sl3T18bfITPTssZra9g"
"2zOXWGViZts","10","Music","PT49S","19579","3","UCYU-Sl3T18bfITPTssZra9g"
"UiNruCmk44w","10","Music","PT3M23S","39950","15","UCYU-Sl3T18bfITPTssZra9g"
"_fCoK2OVJAc","10","Music","PT4M53S","5869917","4663","UCYU-Sl3T18bfITPTssZra9g"
"pYxOksbfAeE","10","Music","PT5M40S","48368","5","UCYU-Sl3T18bfITPTssZra9g"
"6eNpa5mi0TU","10","Music","PT4M18S","72659","52","UCYU-Sl3T18bfITPTssZra9g"
"rL7aWjciYCQ","10","Music","PT4M57S","190122","63","UCYU-Sl3T18bfITPTssZra9g"
"FZc1nnGYZec","10","Music","PT5M10S","115884","46","UCYU-Sl3T18bfITPTssZra9g"
"ZwJy8AwHsHY","10","Music","PT5M7S","83024","28","UCYU-Sl3T18bfITPTssZra9g"
"-X0dN9qmY78","10","Music","PT4M34S","78570","15","UCYU-Sl3T18bfITPTssZra9g"
"n6on3lSEb7U","10","Music","PT4M39S","102792","35","UCYU-Sl3T18bfITPTssZra9g"
"BxrSmLiZIPI","10","Music","PT4M56S","77028","9","UCYU-Sl3T18bfITPTssZra9g"
"h2wdGpT8V34","10","Music","PT5M8S","64167","19","UCYU-Sl3T18bfITPTssZra9g"
"jVLb93vg6k0","10","Music","PT5M16S","89521","14","UCYU-Sl3T18bfITPTssZra9g"
"9Zz3qAPn1IA","10","Music","PT5M39S","80562","25","UCYU-Sl3T18bfITPTssZra9g"
"xTmyXOH6s7A","10","Music","PT5M9S","72835","24","UCYU-Sl3T18bfITPTssZra9g"
"n3HPe9X1EKw","10","Music","PT3M59S","68865","29","UCYU-Sl3T18bfITPTssZra9g"
"hjTezAt25vM","10","Music","PT4M38S","80150","23","UCYU-Sl3T18bfITPTssZra9g"
"OtigspnaJbc","10","Music","PT1M49S","238239","9","UCYU-Sl3T18bfITPTssZra9g"
"pobSFlPgazM","10","Music","PT2M53S","122229","22","UCYU-Sl3T18bfITPTssZra9g"
"yGnmi3_KWCQ","10","Music","PT4M8S","146104","20","UCYU-Sl3T18bfITPTssZra9g"
"XCFoBCjxsxk","10","Music","PT4M16S","172696","32","UCYU-Sl3T18bfITPTssZra9g"
"raX6rnFT90w","10","Music","PT4M17S","137698","25","UCYU-Sl3T18bfITPTssZra9g"
"3l3kHJnNvmc","10","Music","PT4M29S","80541","14","UCYU-Sl3T18bfITPTssZra9g"
"3ZWKtHY3HQM","10","Music","PT4M20S","81814","9","UCYU-Sl3T18bfITPTssZra9g"
"OvbBK_dlAPE","10","Music","PT3M40S","91902","26","UCYU-Sl3T18bfITPTssZra9g"
"BWUD8ZvuoY8","10","Music","PT3M32S","85262","11","UCYU-Sl3T18bfITPTssZra9g"
"6Z03P5O_UyQ","10","Music","PT3M38S","51584","13","UCYU-Sl3T18bfITPTssZra9g"
"H1dwZZaNRbg","10","Music","PT4M33S","85401","15","UCYU-Sl3T18bfITPTssZra9g"
"WVqID2M3RZI","10","Music","PT3M34S","48809","2","UCYU-Sl3T18bfITPTssZra9g"
"VWxkyEk85AE","10","Music","PT4M10S","139306","21","UCYU-Sl3T18bfITPTssZra9g"
"TzIDVHiGF8c","10","Music","PT4M6S","53421","12","UCYU-Sl3T18bfITPTssZra9g"
"NipUFPYQ9VI","10","Music","PT4M47S","57238","6","UCYU-Sl3T18bfITPTssZra9g"
"yolwXtGhV4Q","10","Music","PT4M11S","46937","4","UCYU-Sl3T18bfITPTssZra9g"
"1kEr_db77PQ","10","Music","PT3M56S","37863","5","UCYU-Sl3T18bfITPTssZra9g"
"u8J_X3ydSB8","10","Music","PT3M11S","39263","8","UCYU-Sl3T18bfITPTssZra9g"
"ARcvcIkjgy0","10","Music","PT4M42S","94958","18","UCYU-Sl3T18bfITPTssZra9g"
"la5Sp0-ZHFY","10","Music","PT4M39S","1143177","249","UCYU-Sl3T18bfITPTssZra9g"
"Jn9tMkqhWd0","10","Music","PT4M37S","480990","75","UCYU-Sl3T18bfITPTssZra9g"
"qaxfDjSK5fA","10","Music","PT4M9S","378581","26","UCYU-Sl3T18bfITPTssZra9g"
"64cuGkOVYfg","10","Music","PT5M13S","334733","38","UCYU-Sl3T18bfITPTssZra9g"
"8UW5InWPybo","10","Music","PT4M48S","479374","80","UCYU-Sl3T18bfITPTssZra9g"
"hRWFLZhYnMo","10","Music","PT4M7S","437300","51","UCYU-Sl3T18bfITPTssZra9g"
"IYSZAfR3xhk","10","Music","PT6M15S","409792","65","UCYU-Sl3T18bfITPTssZra9g"
"gQLtItwCePI","10","Music","PT4M44S","286178","43","UCYU-Sl3T18bfITPTssZra9g"
"js2XTia5H5k","10","Music","PT5M2S","297250","54","UCYU-Sl3T18bfITPTssZra9g"
"t4mUvop0NoM","10","Music","PT4M57S","305428","31","UCYU-Sl3T18bfITPTssZra9g"
"Akb-8NnXiH0","24","Entertainment","PT4M35S","8146","6","UCYU-Sl3T18bfITPTssZra9g"
"szoEaz4qAAk","10","Music","PT5M30S","251326","32","UCYU-Sl3T18bfITPTssZra9g"
"WlaJ8tEQt6Q","10","Music","PT6M26S","184758","21","UCYU-Sl3T18bfITPTssZra9g"
"I3VlRCm89B0","10","Music","PT4M54S","283262","31","UCYU-Sl3T18bfITPTssZra9g"
"Zk7_VlPQ4W0","10","Music","PT5M10S","146254","15","UCYU-Sl3T18bfITPTssZra9g"
"h_RXhwxrkOc","10","Music","PT5M31S","318897","86","UCYU-Sl3T18bfITPTssZra9g"
"Ddww8IfRsvg","10","Music","PT3M52S","294255","36","UCYU-Sl3T18bfITPTssZra9g"
"FROmktuHbAU","10","Music","PT4M56S","189765","38","UCYU-Sl3T18bfITPTssZra9g"
"DpNeCUJytFI","10","Music","PT4M19S","226124","44","UCYU-Sl3T18bfITPTssZra9g"
"hAhWIlz_utE","10","Music","PT5M10S","178652","13","UCYU-Sl3T18bfITPTssZra9g"
"1TmD7pLEFpM","10","Music","PT5M8S","216294","24","UCYU-Sl3T18bfITPTssZra9g"
"Y2hnxRtI1_w","10","Music","PT5M15S","350850","50","UCYU-Sl3T18bfITPTssZra9g"
"eeXeOy17Et8","10","Music","PT4M40S","144924","25","UCYU-Sl3T18bfITPTssZra9g"
"Uyq2-e0B3Tc","10","Music","PT4M15S","275366","34","UCYU-Sl3T18bfITPTssZra9g"
"zSzaplTFagQ","10","Music","PT5M8S","454570","80","UCYU-Sl3T18bfITPTssZra9g"
"eJ0LatuduyM","10","Music","PT5M17S","212927","67","UCYU-Sl3T18bfITPTssZra9g"
"ZI_K7OkXX3s","10","Music","PT4M","109296","26","UCYU-Sl3T18bfITPTssZra9g"
"AEvZX-u4cGg","10","Music","PT4M27S","6658127","2827","UCYU-Sl3T18bfITPTssZra9g"
"YXHQ4TIcW1s","10","Music","PT4M4S","6142","3","UCYU-Sl3T18bfITPTssZra9g"
"9XVHAn6KvTk","10","Music","PT6M32S","799052","601","UCYU-Sl3T18bfITPTssZra9g"
"mQRdHXJMgzk","10","Music","PT4M23S","392901","219","UCYU-Sl3T18bfITPTssZra9g"
"bYH79ALaYgc","10","Music","PT6M5S","68469","46","UCYU-Sl3T18bfITPTssZra9g"
"xI4xUizSZgY","10","Music","PT4M33S","1149350","576","UCYU-Sl3T18bfITPTssZra9g"
"tfaxsPLF2VA","10","Music","PT3M10S","417580","215","UCYU-Sl3T18bfITPTssZra9g"
"_km4tI2BYVg","10","Music","PT6M10S","537138","162","UCYU-Sl3T18bfITPTssZra9g"
"_xbibmLYkZk","10","Music","PT5M","291408","58","UCYU-Sl3T18bfITPTssZra9g"
"jcucjK4TcVk","10","Music","PT3M30S","596892","275","UCYU-Sl3T18bfITPTssZra9g"
"5qwEhL4ew0g","10","Music","PT4M24S","661501","348","UCYU-Sl3T18bfITPTssZra9g"
"asij2DsWJVI","10","Music","PT4M19S","81729","28","UCYU-Sl3T18bfITPTssZra9g"
"py75sRjja04","10","Music","PT1M41S","632285","41","UCYU-Sl3T18bfITPTssZra9g"
"J3zaafiNVWE","10","Music","PT4M2S","479957","85","UCYU-Sl3T18bfITPTssZra9g"
"wzHIPR5sMoc","10","Music","PT4M40S","662882","204","UCYU-Sl3T18bfITPTssZra9g"
"5kCfHyAMVcw","10","Music","PT4M","831043","266","UCYU-Sl3T18bfITPTssZra9g"
"tfqSKEqukGw","10","Music","PT5M1S","573759","113","UCYU-Sl3T18bfITPTssZra9g"
"JJB5OSsVXUk","10","Music","PT4M54S","271084","55","UCYU-Sl3T18bfITPTssZra9g"
"iydjT5dTDIs","10","Music","PT4M22S","271419","63","UCYU-Sl3T18bfITPTssZra9g"
"G4TD1TZvGIA","10","Music","PT4M31S","348136","70","UCYU-Sl3T18bfITPTssZra9g"
"Mb1ZvUDvLDY","10","Music","PT4M41S","85715575","53892","UCYU-Sl3T18bfITPTssZra9g"
"W-ctaYR2nfg","10","Music","PT4M55S","310336","74","UCYU-Sl3T18bfITPTssZra9g"
"e1dOk8KWgVc","10","Music","PT5M46S","229796","63","UCYU-Sl3T18bfITPTssZra9g"
"l0tAS2NLjLA","10","Music","PT4M40S","176999","65","UCYU-Sl3T18bfITPTssZra9g"
"58Yf3BfMy80","10","Music","PT4M13S","191168","17","UCYU-Sl3T18bfITPTssZra9g"
"YZgtAa9f7a4","10","Music","PT4M8S","370105","114","UCYU-Sl3T18bfITPTssZra9g"
"Fv1J9ExeUPg","10","Music","PT4M33S","206795","36","UCYU-Sl3T18bfITPTssZra9g"
"dnNPLy03j2k","26","Howto & Style","PT3M25S","133271","221","UC9PgszLOAWhQC6orYejcJlw"
"asR1G2i6xlg","26","Howto & Style","PT2M26S","94785","137","UC9PgszLOAWhQC6orYejcJlw"
"33tqg067E5E","26","Howto & Style","PT2M23S","82229","141","UC9PgszLOAWhQC6orYejcJlw"
"gmvPz-BhrpE","26","Howto & Style","PT3M3S","76489","142","UC9PgszLOAWhQC6orYejcJlw"
"MxNEryBDEq4","26","Howto & Style","PT1M48S","46639","238","UC9PgszLOAWhQC6orYejcJlw"
"4SW1u9bOZuo","26","Howto & Style","PT2M33S","68665","134","UC9PgszLOAWhQC6orYejcJlw"
"KkALuO6C0oc","26","Howto & Style","PT3M34S","61175","108","UC9PgszLOAWhQC6orYejcJlw"
"sJgq5RjcyOE","26","Howto & Style","PT2M54S","25800","65","UC9PgszLOAWhQC6orYejcJlw"
"cz0zBjikNVs","26","Howto & Style","PT3M18S","41664","117","UC9PgszLOAWhQC6orYejcJlw"
"xollJZV4ieI","26","Howto & Style","PT3M15S","24315","63","UC9PgszLOAWhQC6orYejcJlw"
"FboSaDco1vc","26","Howto & Style","PT3M32S","31758","99","UC9PgszLOAWhQC6orYejcJlw"
"z0DH-irlRP8","26","Howto & Style","PT4M8S","35676","111","UC9PgszLOAWhQC6orYejcJlw"
"Hc3BvFbturA","26","Howto & Style","PT3M32S","73477","122","UC9PgszLOAWhQC6orYejcJlw"
"ZVvnrCT1lTA","26","Howto & Style","PT3M2S","54324","147","UC9PgszLOAWhQC6orYejcJlw"
"GFbliQhpVIE","26","Howto & Style","PT2M5S","44615","101","UC9PgszLOAWhQC6orYejcJlw"
"Z-DhRPjntcs","26","Howto & Style","PT2M27S","55283","182","UC9PgszLOAWhQC6orYejcJlw"
"YBJGutbU5jg","26","Howto & Style","PT1M14S","215452","189","UC9PgszLOAWhQC6orYejcJlw"
"bLK8xVEAIuA","26","Howto & Style","PT3M52S","128540","359","UC9PgszLOAWhQC6orYejcJlw"
"-BKXDNWK3D8","26","Howto & Style","PT2M39S","42144","107","UC9PgszLOAWhQC6orYejcJlw"
"DyipGHhR2Sg","26","Howto & Style","PT3M","41505","147","UC9PgszLOAWhQC6orYejcJlw"
"rX5ppiCrNII","26","Howto & Style","PT3M25S","27035","71","UC9PgszLOAWhQC6orYejcJlw"
"xsPhSKZoe1I","26","Howto & Style","PT4M8S","31884","92","UC9PgszLOAWhQC6orYejcJlw"
"DHMm92lF2qA","26","Howto & Style","PT3M51S","34715","78","UC9PgszLOAWhQC6orYejcJlw"
"0JtBUnHrTe4","26","Howto & Style","PT3M43S","42323","235","UC9PgszLOAWhQC6orYejcJlw"
"pMuhJQZvVy8","26","Howto & Style","PT5M3S","53027","222","UC9PgszLOAWhQC6orYejcJlw"
"ecWsHROJJbs","26","Howto & Style","PT5M12S","16564","82","UC9PgszLOAWhQC6orYejcJlw"
"dkXFsA9NCjo","26","Howto & Style","PT3M58S","14840","96","UC9PgszLOAWhQC6orYejcJlw"
"11utYwl2FP0","26","Howto & Style","PT4M4S","12848","84","UC9PgszLOAWhQC6orYejcJlw"
"5Ysiu7L2Wqc","26","Howto & Style","PT5M16S","62756","127","UC9PgszLOAWhQC6orYejcJlw"
"Xp87NV5eRq0","26","Howto & Style","PT6M1S","79090","247","UC9PgszLOAWhQC6orYejcJlw"
"eqc0mRujcso","26","Howto & Style","PT4M19S","12442","74","UC9PgszLOAWhQC6orYejcJlw"
"IPTNeQdFl78","26","Howto & Style","PT5M11S","20332","85","UC9PgszLOAWhQC6orYejcJlw"
"HVwv0-RDGDM","26","Howto & Style","PT4M41S","15720","76","UC9PgszLOAWhQC6orYejcJlw"
"gTlR3bCKp-g","26","Howto & Style","PT4M40S","86818","203","UC9PgszLOAWhQC6orYejcJlw"
"L53l3l5OEM8","26","Howto & Style","PT5M25S","21623","145","UC9PgszLOAWhQC6orYejcJlw"
"Y0vAOGORMnY","26","Howto & Style","PT6M15S","15805","104","UC9PgszLOAWhQC6orYejcJlw"
"nMmFvcoVCbU","26","Howto & Style","PT4M43S","24142","75","UC9PgszLOAWhQC6orYejcJlw"
"7X5NFJ8-Gas","26","Howto & Style","PT4M31S","166244","471","UC9PgszLOAWhQC6orYejcJlw"
"kfe6tfcdWs0","26","Howto & Style","PT4M49S","28200","175","UC9PgszLOAWhQC6orYejcJlw"
"k4p6Y-eoEiQ","26","Howto & Style","PT6M35S","11320","82","UC9PgszLOAWhQC6orYejcJlw"
"S-RZ7D-HS4g","26","Howto & Style","PT4M50S","34875","183","UC9PgszLOAWhQC6orYejcJlw"
"1j8QDwLZmAQ","26","Howto & Style","PT3M38S","19864","147","UC9PgszLOAWhQC6orYejcJlw"
"gE33l4O-E1w","26","Howto & Style","PT4M8S","26533","100","UC9PgszLOAWhQC6orYejcJlw"
"SAigSXtRwYs","26","Howto & Style","PT5M35S","50155","236","UC9PgszLOAWhQC6orYejcJlw"
"1hDMHUSkJTw","26","Howto & Style","PT5M1S","11467","57","UC9PgszLOAWhQC6orYejcJlw"
"9PZpMtALfK4","26","Howto & Style","PT7M48S","13580","127","UC9PgszLOAWhQC6orYejcJlw"
"T8KxGs5RwWU","26","Howto & Style","PT5M57S","27583","174","UC9PgszLOAWhQC6orYejcJlw"
"wLnmhz8oZxw","26","Howto & Style","PT4M40S","6194","45","UC9PgszLOAWhQC6orYejcJlw"
"Ey-0Q6VNJaY","26","Howto & Style","PT3M34S","170320","491","UC9PgszLOAWhQC6orYejcJlw"
"QN9_dPVh34g","26","Howto & Style","PT6M58S","86860","195","UC9PgszLOAWhQC6orYejcJlw"
"zgVz76fl7RY","26","Howto & Style","PT4M58S","8914","33","UC9PgszLOAWhQC6orYejcJlw"
"68bICQxt6ZI","26","Howto & Style","PT4M59S","14600","132","UC9PgszLOAWhQC6orYejcJlw"
"TLXJeLK0tmI","26","Howto & Style","PT8M21S","10287","53","UC9PgszLOAWhQC6orYejcJlw"
"RFUIrShhU8I","26","Howto & Style","PT3M47S","14559","81","UC9PgszLOAWhQC6orYejcJlw"
"ejocINLEg-I","26","Howto & Style","PT4M36S","14974","81","UC9PgszLOAWhQC6orYejcJlw"
"PJ-Nw_146CA","26","Howto & Style","PT5M52S","57145","192","UC9PgszLOAWhQC6orYejcJlw"
"cNpSl9dUxoo","26","Howto & Style","PT5M30S","8174","69","UC9PgszLOAWhQC6orYejcJlw"
"xSp6aciDxVQ","26","Howto & Style","PT5M4S","11375","69","UC9PgszLOAWhQC6orYejcJlw"
"wUAuO6dv_K8","26","Howto & Style","PT3M49S","484127","494","UC9PgszLOAWhQC6orYejcJlw"
"8A3srExdlOQ","26","Howto & Style","PT6M20S","62225","247","UC9PgszLOAWhQC6orYejcJlw"
"dGNq7oN_IZ8","26","Howto & Style","PT4M13S","10210","57","UC9PgszLOAWhQC6orYejcJlw"
"PqRObuTAHms","26","Howto & Style","PT3M37S","16944","81","UC9PgszLOAWhQC6orYejcJlw"
"c5R6biNOOuc","26","Howto & Style","PT5M34S","9609","65","UC9PgszLOAWhQC6orYejcJlw"
"yxoMVR28aCg","26","Howto & Style","PT5M14S","79598","204","UC9PgszLOAWhQC6orYejcJlw"
"r7X-0FMW8NE","26","Howto & Style","PT4M19S","21981","117","UC9PgszLOAWhQC6orYejcJlw"
"3fG4lEge0Ms","26","Howto & Style","PT6M","10906","101","UC9PgszLOAWhQC6orYejcJlw"
"vx34ce8c1qk","26","Howto & Style","PT5M21S","10765","112","UC9PgszLOAWhQC6orYejcJlw"
"Jb80KuWTpwc","26","Howto & Style","PT4M36S","10710","52","UC9PgszLOAWhQC6orYejcJlw"
"u1gwNyo22EY","26","Howto & Style","PT5M13S","8326","83","UC9PgszLOAWhQC6orYejcJlw"
"RjAyKO140RQ","26","Howto & Style","PT5M11S","7200","74","UC9PgszLOAWhQC6orYejcJlw"
"2adeu3WRa5E","26","Howto & Style","PT4M31S","9243","71","UC9PgszLOAWhQC6orYejcJlw"
"RURJ95BAfwY","26","Howto & Style","PT3M44S","8435","59","UC9PgszLOAWhQC6orYejcJlw"
"1QJRWDcDxqk","26","Howto & Style","PT3M51S","14218","65","UC9PgszLOAWhQC6orYejcJlw"
"ntMB9jWhreQ","26","Howto & Style","PT4M40S","7800","57","UC9PgszLOAWhQC6orYejcJlw"
"Z9Qv_w_O50I","26","Howto & Style","PT6M1S","16323","85","UC9PgszLOAWhQC6orYejcJlw"
"MsSIoBv_J0A","26","Howto & Style","PT6M27S","114016","414","UC9PgszLOAWhQC6orYejcJlw"
"1YdgMFTsaM8","26","Howto & Style","PT4M42S","9515","64","UC9PgszLOAWhQC6orYejcJlw"
"yuEcwmm9wJY","26","Howto & Style","PT7M23S","50895","129","UC9PgszLOAWhQC6orYejcJlw"
"am6m8MiiVe0","26","Howto & Style","PT6M42S","65771","211","UC9PgszLOAWhQC6orYejcJlw"
"OiKxQ4C8zak","26","Howto & Style","PT5M51S","23449","179","UC9PgszLOAWhQC6orYejcJlw"
"UoP9b36P98Y","26","Howto & Style","PT4M46S","9948","61","UC9PgszLOAWhQC6orYejcJlw"
"jEdxycsP7Mk","26","Howto & Style","PT4M58S","10923","79","UC9PgszLOAWhQC6orYejcJlw"
"rBcB_ECm0wU","26","Howto & Style","PT5M44S","9693","70","UC9PgszLOAWhQC6orYejcJlw"
"a_uourkVk24","26","Howto & Style","PT4M57S","50950","215","UC9PgszLOAWhQC6orYejcJlw"
"DMgj5B7dMEk","26","Howto & Style","PT6M5S","11636","34","UC9PgszLOAWhQC6orYejcJlw"
"UFkgDs_nNF8","26","Howto & Style","PT5M34S","9614","66","UC9PgszLOAWhQC6orYejcJlw"
"UFRJABFzFuA","26","Howto & Style","PT5M46S","9254","77","UC9PgszLOAWhQC6orYejcJlw"
"yH_JhdQPIYo","26","Howto & Style","PT3M37S","13421","68","UC9PgszLOAWhQC6orYejcJlw"
"3sXVwJAikkY","26","Howto & Style","PT5M9S","70848","239","UC9PgszLOAWhQC6orYejcJlw"
"s3gfVgfVQRQ","26","Howto & Style","PT4M35S","10168","70","UC9PgszLOAWhQC6orYejcJlw"
"CmzwF2xW4XM","26","Howto & Style","PT4M43S","14850","153","UC9PgszLOAWhQC6orYejcJlw"
"CmSajE2J2LE","26","Howto & Style","PT6M54S","13372","74","UC9PgszLOAWhQC6orYejcJlw"
"ZdNZmQmD6Yo","26","Howto & Style","PT4M56S","9106","147","UC9PgszLOAWhQC6orYejcJlw"
"Rcf9qjb-6V8","26","Howto & Style","PT5M16S","33070","148","UC9PgszLOAWhQC6orYejcJlw"
"CmzwF2xW4XM","26","Howto & Style","PT4M43S","14850","153","UC9PgszLOAWhQC6orYejcJlw"
"CmSajE2J2LE","26","Howto & Style","PT6M54S","13372","74","UC9PgszLOAWhQC6orYejcJlw"
"PWCNHSePG94","26","Howto & Style","PT4M50S","9814","68","UC9PgszLOAWhQC6orYejcJlw"
"rPjHNuy4n0M","26","Howto & Style","PT5M11S","6299","61","UC9PgszLOAWhQC6orYejcJlw"
"dRBSnbRhr8s","26","Howto & Style","PT3M58S","12983","78","UC9PgszLOAWhQC6orYejcJlw"
"BAp34Myn5BM","26","Howto & Style","PT4M52S","7963","94","UC9PgszLOAWhQC6orYejcJlw"
"GJtGANNSW3w","26","Howto & Style","PT4M23S","33923","97","UC9PgszLOAWhQC6orYejcJlw"
"sCMqYa2IS2c","26","Howto & Style","PT4M21S","15722","54","UC9PgszLOAWhQC6orYejcJlw"
"-yMyxRaEdmA","26","Howto & Style","PT4M51S","9967","97","UC9PgszLOAWhQC6orYejcJlw"
"F2DrMv3XdlY","26","Howto & Style","PT4M42S","10414","59","UC9PgszLOAWhQC6orYejcJlw"
"1lGew_dLeU8","26","Howto & Style","PT3M18S","9795","67","UC9PgszLOAWhQC6orYejcJlw"
"HbYO86CVy7Y","26","Howto & Style","PT4M38S","8030","55","UC9PgszLOAWhQC6orYejcJlw"
"z-1_kyGKsL0","26","Howto & Style","PT4M11S","6378","39","UC9PgszLOAWhQC6orYejcJlw"
"qV3yJiTIH0k","26","Howto & Style","PT3M42S","7855","45","UC9PgszLOAWhQC6orYejcJlw"
"XvIHssc324g","26","Howto & Style","PT5M38S","9544","71","UC9PgszLOAWhQC6orYejcJlw"
"NHD4JALf-c0","26","Howto & Style","PT5M26S","11246","63","UC9PgszLOAWhQC6orYejcJlw"
"lEor0nucMSM","26","Howto & Style","PT4M29S","16188","56","UC9PgszLOAWhQC6orYejcJlw"
"lCF4oYGO5fA","26","Howto & Style","PT4M58S","9122","93","UC9PgszLOAWhQC6orYejcJlw"
"NxS22FNhCIM","26","Howto & Style","PT6M10S","30604","121","UC9PgszLOAWhQC6orYejcJlw"
"iDw724Gc-9M","26","Howto & Style","PT4M34S","8431","59","UC9PgszLOAWhQC6orYejcJlw"
"EDAJzJqB4mw","26","Howto & Style","PT3M40S","6365","49","UC9PgszLOAWhQC6orYejcJlw"
"2Qz_nJ_QFL8","26","Howto & Style","PT4M8S","129983","268","UC9PgszLOAWhQC6orYejcJlw"
"SuM05sqbRNU","26","Howto & Style","PT4M48S","11105","107","UC9PgszLOAWhQC6orYejcJlw"
"ctno8Jdv3wk","26","Howto & Style","PT4M29S","8142","54","UC9PgszLOAWhQC6orYejcJlw"
"A29qjAWnzLA","26","Howto & Style","PT3M34S","7714","55","UC9PgszLOAWhQC6orYejcJlw"
"SSUwo4OksP0","26","Howto & Style","PT3M58S","7505","45","UC9PgszLOAWhQC6orYejcJlw"
"4fmpw9cdtaU","26","Howto & Style","PT3M36S","7159","32","UC9PgszLOAWhQC6orYejcJlw"
"6TJ4_8e9jls","26","Howto & Style","PT4M30S","6495","42","UC9PgszLOAWhQC6orYejcJlw"
"RuzTbcKURHM","26","Howto & Style","PT3M43S","11763","187","UC9PgszLOAWhQC6orYejcJlw"
"ysK9y4CDxK4","26","Howto & Style","PT3M55S","5683","36","UC9PgszLOAWhQC6orYejcJlw"
"d5-PPU7NFqs","26","Howto & Style","PT4M44S","7130","41","UC9PgszLOAWhQC6orYejcJlw"
"mBD7eccz4Zo","26","Howto & Style","PT3M3S","8308","108","UC9PgszLOAWhQC6orYejcJlw"
"Tjxu6MRGO2k","26","Howto & Style","PT4M52S","19133","245","UC9PgszLOAWhQC6orYejcJlw"
"2VGGZ-edSy0","26","Howto & Style","PT3M28S","9476","80","UC9PgszLOAWhQC6orYejcJlw"
"sJZcNnsMRHo","26","Howto & Style","PT4M27S","10797","83","UC9PgszLOAWhQC6orYejcJlw"
"c-UoGXaTs68","26","Howto & Style","PT3M32S","7337","43","UC9PgszLOAWhQC6orYejcJlw"
"7nCAx4AJO8U","26","Howto & Style","PT3M22S","23852","92","UC9PgszLOAWhQC6orYejcJlw"
"n2-GF5pIic0","26","Howto & Style","PT3M59S","11264","95","UC9PgszLOAWhQC6orYejcJlw"
"bQVXGc1NFA0","26","Howto & Style","PT3M50S","10049","106","UC9PgszLOAWhQC6orYejcJlw"
"Xhleatcq_g0","26","Howto & Style","PT3M27S","6500","49","UC9PgszLOAWhQC6orYejcJlw"
"PRxcr3JA5KE","26","Howto & Style","PT4M11S","6842","52","UC9PgszLOAWhQC6orYejcJlw"
"3uu6-BoNZ68","26","Howto & Style","PT3M40S","11346","57","UC9PgszLOAWhQC6orYejcJlw"
"_vYwj47x9kw","26","Howto & Style","PT3M56S","8857","60","UC9PgszLOAWhQC6orYejcJlw"
"BE22HBN0C3E","26","Howto & Style","PT3M20S","8036","54","UC9PgszLOAWhQC6orYejcJlw"
"qtVi7Ep6TNc","26","Howto & Style","PT3M28S","15019","107","UC9PgszLOAWhQC6orYejcJlw"
"lQnJplCF08I","26","Howto & Style","PT3M53S","12786","81","UC9PgszLOAWhQC6orYejcJlw"
"T4p26ySB168","26","Howto & Style","PT3M43S","9347","69","UC9PgszLOAWhQC6orYejcJlw"
"Ny9O4qJO7-I","26","Howto & Style","PT3M19S","105668","167","UC9PgszLOAWhQC6orYejcJlw"
"qDkIMGEFPXU","26","Howto & Style","PT3M58S","9753","104","UC9PgszLOAWhQC6orYejcJlw"
"tRxO1zCqoB4","26","Howto & Style","PT4M25S","8746","109","UC9PgszLOAWhQC6orYejcJlw"
"gBSinl1S3uE","26","Howto & Style","PT4M59S","8900","105","UC9PgszLOAWhQC6orYejcJlw"
"X4ksP75aqEI","26","Howto & Style","PT4M15S","9009","155","UC9PgszLOAWhQC6orYejcJlw"
"zQspgw1irco","26","Howto & Style","PT5M17S","9682","110","UC9PgszLOAWhQC6orYejcJlw"
"y2ZzniTCyGA","26","Howto & Style","PT5M41S","24396","115","UC9PgszLOAWhQC6orYejcJlw"
"vknBVNdNzjA","26","Howto & Style","PT4M38S","18330","138","UC9PgszLOAWhQC6orYejcJlw"
"Xa1jh2LRoRI","26","Howto & Style","PT5M10S","6247","67","UC9PgszLOAWhQC6orYejcJlw"
"0gNqS-AVx9k","26","Howto & Style","PT3M50S","7153","48","UC9PgszLOAWhQC6orYejcJlw"
"NNTNOIAUP9Q","26","Howto & Style","PT3M34S","10175","73","UC9PgszLOAWhQC6orYejcJlw"
"LGP53Y2osHw","26","Howto & Style","PT4M33S","9479","68","UC9PgszLOAWhQC6orYejcJlw"
"DwWgQkIiTfc","26","Howto & Style","PT4M49S","10469","119","UC9PgszLOAWhQC6orYejcJlw"
"_hc6X6jZraY","26","Howto & Style","PT4M29S","7852","45","UC9PgszLOAWhQC6orYejcJlw"
"RoWzkcfPSKE","26","Howto & Style","PT4M16S","8510","56","UC9PgszLOAWhQC6orYejcJlw"
"XtoB1_CFgoA","26","Howto & Style","PT5M10S","29802","87","UC9PgszLOAWhQC6orYejcJlw"
"XWXNbCE1PPY","26","Howto & Style","PT4M8S","13888","116","UC9PgszLOAWhQC6orYejcJlw"
"36OERgRDRiI","26","Howto & Style","PT4M54S","10951","94","UC9PgszLOAWhQC6orYejcJlw"
"A2u8R-cE61E","26","Howto & Style","PT4M24S","120572","205","UC9PgszLOAWhQC6orYejcJlw"
"S8WYiY2Gtn8","26","Howto & Style","PT4M28S","9144","104","UC9PgszLOAWhQC6orYejcJlw"
"6Sp2Xh7p-DU","26","Howto & Style","PT3M56S","8291","53","UC9PgszLOAWhQC6orYejcJlw"
"NQ_4A3mSSbY","26","Howto & Style","PT3M16S","9092","71","UC9PgszLOAWhQC6orYejcJlw"
"leQ242xoHWI","26","Howto & Style","PT3M37S","261947","372","UC9PgszLOAWhQC6orYejcJlw"
"fQc-mUpVq-E","26","Howto & Style","PT3M45S","26413","155","UC9PgszLOAWhQC6orYejcJlw"
"iTkAREt7PG4","26","Howto & Style","PT5M17S","10628","62","UC9PgszLOAWhQC6orYejcJlw"
"ssm9YKCxgSE","26","Howto & Style","PT3M44S","5930","36","UC9PgszLOAWhQC6orYejcJlw"
"Mb1C9kOP3xw","26","Howto & Style","PT3M36S","15707","128","UC9PgszLOAWhQC6orYejcJlw"
"LFecFoeAAeU","26","Howto & Style","PT3M28S","12528","58","UC9PgszLOAWhQC6orYejcJlw"
"QsruFIqSAmo","26","Howto & Style","PT3M50S","21014","105","UC9PgszLOAWhQC6orYejcJlw"
"oK8IF7nE8_Y","26","Howto & Style","PT3M27S","7613","79","UC9PgszLOAWhQC6orYejcJlw"
"4gsG3PbTxRU","26","Howto & Style","PT3M58S","18702","78","UC9PgszLOAWhQC6orYejcJlw"
"ZzrmTZvpdwc","26","Howto & Style","PT4M28S","9168","99","UC9PgszLOAWhQC6orYejcJlw"
"Pjzl49XkG9Y","26","Howto & Style","PT4M22S","13497","74","UC9PgszLOAWhQC6orYejcJlw"
"dB_Dll852WM","26","Howto & Style","PT3M16S","19853","272","UC9PgszLOAWhQC6orYejcJlw"
"U3nHueMitNw","26","Howto & Style","PT3M25S","7962","80","UC9PgszLOAWhQC6orYejcJlw"
"5UZW1IOWilg","26","Howto & Style","PT4M1S","9556","30","UC9PgszLOAWhQC6orYejcJlw"
"UHyvbxs67d4","26","Howto & Style","PT3M45S","11314","69","UC9PgszLOAWhQC6orYejcJlw"
"ivTcw3PQ_Zg","26","Howto & Style","PT3M48S","11536","76","UC9PgszLOAWhQC6orYejcJlw"
"l509_r53KGQ","26","Howto & Style","PT3M16S","12789","76","UC9PgszLOAWhQC6orYejcJlw"
"ScnEfANePlo","26","Howto & Style","PT4M4S","12692","122","UC9PgszLOAWhQC6orYejcJlw"
"F7gN5h6_VOQ","26","Howto & Style","PT4M11S","9065","76","UC9PgszLOAWhQC6orYejcJlw"
"TkAW6Fqwmlg","26","Howto & Style","PT4M1S","6767","54","UC9PgszLOAWhQC6orYejcJlw"
"M3IbQxvy_40","26","Howto & Style","PT3M29S","11283","85","UC9PgszLOAWhQC6orYejcJlw"
"dywhL6u50tQ","26","Howto & Style","PT3M27S","11125","81","UC9PgszLOAWhQC6orYejcJlw"
"k6d-yS7qVtA","26","Howto & Style","PT3M44S","80185","214","UC9PgszLOAWhQC6orYejcJlw"
"0k1IvICxwUc","26","Howto & Style","PT6M45S","148061","212","UC9PgszLOAWhQC6orYejcJlw"
"DEB_gjs7TrI","26","Howto & Style","PT4M11S","9762","58","UC9PgszLOAWhQC6orYejcJlw"
"rlEbUJzi1hU","26","Howto & Style","PT4M10S","15249","73","UC9PgszLOAWhQC6orYejcJlw"
"7fs_miPZlbk","26","Howto & Style","PT3M47S","11503","106","UC9PgszLOAWhQC6orYejcJlw"
"Z86XSJVrZdA","26","Howto & Style","PT4M","10247","56","UC9PgszLOAWhQC6orYejcJlw"
"X54h7CWtbpk","26","Howto & Style","PT4M27S","44330","92","UC9PgszLOAWhQC6orYejcJlw"
"tFvuNgSBJRE","26","Howto & Style","PT4M12S","18961","71","UC9PgszLOAWhQC6orYejcJlw"
"3U3RgFJceyw","26","Howto & Style","PT4M40S","84613","231","UC9PgszLOAWhQC6orYejcJlw"
"21gV-DHMyAk","26","Howto & Style","PT4M17S","144523","321","UC9PgszLOAWhQC6orYejcJlw"
"98SrNAGlw50","26","Howto & Style","PT3M47S","22132","124","UC9PgszLOAWhQC6orYejcJlw"
"lThUcBMIRts","26","Howto & Style","PT4M39S","13486","52","UC9PgszLOAWhQC6orYejcJlw"
"OfkB8BoMTYE","26","Howto & Style","PT4M49S","20730","72","UC9PgszLOAWhQC6orYejcJlw"
"P-3L8onzrII","26","Howto & Style","PT4M14S","16704","133","UC9PgszLOAWhQC6orYejcJlw"
"qHNO_1lEVFc","26","Howto & Style","PT4M24S","17709","44","UC9PgszLOAWhQC6orYejcJlw"
"qW7IyHPrl0U","26","Howto & Style","PT4M37S","19915","139","UC9PgszLOAWhQC6orYejcJlw"
"R9YaJ6jSpso","29","Nonprofits & Activism","PT16S","323","0","UCpNnv_kL4Jk8YG_VflnZpmg"
"zr1W7JC70bo","29","Nonprofits & Activism","PT16S","741","0","UCpNnv_kL4Jk8YG_VflnZpmg"
"ICYNJjuLeGc","29","Nonprofits & Activism","PT15S","105","0","UCpNnv_kL4Jk8YG_VflnZpmg"
"XDhFFdiEHYs","29","Nonprofits & Activism","PT15S","122","0","UCpNnv_kL4Jk8YG_VflnZpmg"
"78uWAaW6pKA","29","Nonprofits & Activism","PT3M4S","346","0","UCpNnv_kL4Jk8YG_VflnZpmg"
"4bHS_35okDs","29","Nonprofits & Activism","PT3M5S","1083","0","UCpNnv_kL4Jk8YG_VflnZpmg"
"YdhTLl0ei8o","29","Nonprofits & Activism","PT2M56S","36","0","UCpNnv_kL4Jk8YG_VflnZpmg"
"Ti0dN1vmDhA","29","Nonprofits & Activism","PT2M24S","23","0","UCpNnv_kL4Jk8YG_VflnZpmg"